{
  "experiment": "silence_gate",
  "config": {
    "whisper_size": "tiny",
    "max_epochs": 20,
    "batch_size": 16,
    "lr": 0.001,
    "gate_hidden_dim": 32,
    "gate_loss_weight": 5.0
  },
  "device": "mps",
  "training": [
    {
      "variant": "silence_gate",
      "training": {
        "train_loss": [
          5.705643500695682,
          3.971404231460401,
          3.7118898303815104,
          3.6599821991094665,
          3.368705732196403,
          3.3931612821930615,
          3.3854093857983636,
          3.346820294524038,
          3.2681128326075037,
          3.240335536402697,
          3.2152694230639067,
          3.1999395812689926,
          3.2293162865345706,
          3.1614548041167874,
          3.2676987954358148,
          3.127155891343868,
          3.1552520264460386,
          3.1794576977884303,
          3.2017849796977123,
          3.177168966005634
        ],
        "gate_loss": [
          0.4959524615600122,
          0.21283412921403708,
          0.16043594562807562,
          0.14390453321640717,
          0.10498171519259168,
          0.10542371331105352,
          0.09926676666155956,
          0.08167453472341239,
          0.07533822893867446,
          0.06629266183531983,
          0.06187194305362815,
          0.06562224664730566,
          0.06629989213991765,
          0.05498369498043087,
          0.06460432189792478,
          0.05573698330941147,
          0.05375078475550233,
          0.05703152407106408,
          0.059612366360450926,
          0.05594162944204814
        ],
        "time_minutes": 66.43763631979624
      },
      "trainable_params": 12353
    }
  ],
  "evaluations": [
    {
      "variant": "silence_gate",
      "gap_evaluation": {
        "gap_0": {
          "wer": 0.08220480827754108,
          "cer": 0.03383798481063113,
          "num_samples": 2620
        },
        "gap_5": {
          "wer": 0.10443928788800974,
          "cer": 0.05418419423031753,
          "num_samples": 2620
        },
        "gap_15": {
          "wer": 0.17372945830797323,
          "cer": 0.12133700611418362,
          "num_samples": 2620
        },
        "gap_30": {
          "wer": 0.3784806755934267,
          "cer": 0.3210836127066829,
          "num_samples": 2620
        },
        "multi_gap": {
          "wer": 0.23782714546561168,
          "cer": 0.18546119735502836,
          "num_samples": 2620
        }
      },
      "hallucination": {
        "silence": {
          "hallucination_rate": 1.0,
          "avg_output_length": 2.0,
          "num_samples": 30
        },
        "white_noise": {
          "hallucination_rate": 1.0,
          "avg_output_length": 1.0,
          "num_samples": 30
        }
      }
    }
  ]
}