{
  "experiment": "phase1_train",
  "config": {
    "whisper_size": "tiny",
    "max_epochs": 15,
    "batch_size": 16,
    "lr": 0.0005,
    "gap_augmentation": true,
    "alpha_max": 0.1,
    "pulse_layers": "2,3"
  },
  "device": "mps",
  "training": [
    {
      "variant": "C",
      "training": {
        "train_loss": [
          2.723572988083909,
          2.7407203786199985,
          2.743182900231644,
          2.7626439166468617,
          2.756334607161623,
          2.7223436246371135,
          2.6990425200435704,
          2.6729656238129684,
          2.7014263262295857,
          2.712289894759322,
          2.700972610345766,
          2.744235524918114,
          2.6719802451533314,
          2.7004855318442402,
          2.68675221677599
        ],
        "time_minutes": 40.71364519993464
      },
      "trainable_params": 1538
    },
    {
      "variant": "D",
      "training": {
        "train_loss": [
          2.7633496582841075,
          2.7239975529676044,
          2.664564589548377,
          2.597110561818384,
          2.523585944202359,
          2.486708076972535,
          2.472257851222374,
          2.4374707098113757,
          2.4666963462723035,
          2.3953271598123305,
          2.423867179028815,
          2.39690283157306,
          2.3851433499565338,
          2.38668045051937,
          2.398514491885734
        ],
        "time_minutes": 42.321853446960446
      },
      "trainable_params": 297218
    }
  ],
  "evaluations": [
    {
      "variant": "C",
      "gap_evaluation": {
        "gap_0": {
          "wer": 0.07507705856450902,
          "cer": 0.02913148875700075,
          "num_samples": 200
        },
        "gap_5": {
          "wer": 0.09291061206516953,
          "cer": 0.04547354342556215,
          "num_samples": 200
        },
        "gap_15": {
          "wer": 0.12505504183179217,
          "cer": 0.07819944829892167,
          "num_samples": 200
        },
        "gap_30": {
          "wer": 0.19110523998238663,
          "cer": 0.14645155897350162,
          "num_samples": 200
        },
        "multi_gap": {
          "wer": 0.24592690444738,
          "cer": 0.19915573016801805,
          "num_samples": 200
        }
      },
      "hallucination": {
        "silence": {
          "hallucination_rate": 1.0,
          "avg_output_length": 1.0,
          "num_samples": 20
        },
        "white_noise": {
          "hallucination_rate": 1.0,
          "avg_output_length": 1.0,
          "num_samples": 20
        }
      },
      "pulse_stats": [
        {
          "layer": 2,
          "alpha": 0.10695914924144745,
          "amp_mean": -0.012443619780242443,
          "omega_mean": 2.1562325954437256,
          "omega_std": 2.513369560241699
        },
        {
          "layer": 3,
          "alpha": 0.10637722909450531,
          "amp_mean": -0.013128596358001232,
          "omega_mean": 2.1568233966827393,
          "omega_std": 2.513631820678711
        }
      ]
    },
    {
      "variant": "D",
      "gap_evaluation": {
        "gap_0": {
          "wer": 0.0781594011448701,
          "cer": 0.03034355930786592,
          "num_samples": 200
        },
        "gap_5": {
          "wer": 0.13826508146191105,
          "cer": 0.07447964557385271,
          "num_samples": 200
        },
        "gap_15": {
          "wer": 0.12747688243064728,
          "cer": 0.07853381258881552,
          "num_samples": 200
        },
        "gap_30": {
          "wer": 0.1928665785997358,
          "cer": 0.1466605366546853,
          "num_samples": 200
        },
        "multi_gap": {
          "wer": 0.25011008366358434,
          "cer": 0.20216500877706262,
          "num_samples": 200
        }
      },
      "hallucination": {
        "silence": {
          "hallucination_rate": 1.0,
          "avg_output_length": 1.0,
          "num_samples": 20
        },
        "white_noise": {
          "hallucination_rate": 1.0,
          "avg_output_length": 1.0,
          "num_samples": 20
        }
      },
      "pulse_stats": [
        {
          "layer": 2,
          "alpha": 0.1077023446559906,
          "amp_mean": 0.0437118299305439,
          "omega_mean": 2.1567471027374268,
          "omega_std": 2.513827085494995
        },
        {
          "layer": 3,
          "alpha": 0.10757175832986832,
          "amp_mean": -0.0006320799584500492,
          "omega_mean": 2.156841516494751,
          "omega_std": 2.513620615005493
        }
      ]
    }
  ],
  "decision": {
    "go": false,
    "reason": "Missing multi_gap results"
  }
}