{
  "experiment": "phase1_train",
  "config": {
    "whisper_size": "tiny",
    "max_epochs": 15,
    "batch_size": 16,
    "lr": 0.0005,
    "gap_augmentation": true,
    "alpha_max": 0.1,
    "pulse_layers": "all"
  },
  "device": "mps",
  "training": [
    {
      "variant": "C",
      "training": {
        "train_loss": [
          2.7392991588102373,
          2.7102231366674325,
          2.692698701133941,
          2.7045525731987126,
          2.6511735196886117,
          2.66167611915972,
          2.635121587934441,
          2.636019468307495,
          2.6145605654689854,
          2.5917151620268157,
          2.612223613195579,
          2.6224360632496837,
          2.597360144780335,
          2.5559508986979225,
          2.6126098965799343
        ],
        "time_minutes": 52.2085089524587
      },
      "trainable_params": 3076
    },
    {
      "variant": "D",
      "training": {
        "train_loss": [
          2.7599727361561865,
          2.6055008805663893,
          2.508007804774705,
          2.4194135219691186,
          2.368976449167262,
          2.2773278725213846,
          2.242177868688573,
          2.2415834498805043,
          2.199615047630651,
          2.2103060230862495,
          2.165965896078994,
          2.183788051818336,
          2.2205291560242295,
          2.1529795410912795,
          2.166657288647231
        ],
        "time_minutes": 55.575764286518094
      },
      "trainable_params": 594436
    }
  ],
  "evaluations": [
    {
      "variant": "C",
      "gap_evaluation": {
        "gap_0": {
          "wer": 0.07970057243505063,
          "cer": 0.03159742539496782,
          "num_samples": 200
        },
        "gap_5": {
          "wer": 0.13738441215323646,
          "cer": 0.07481400986374655,
          "num_samples": 200
        },
        "gap_15": {
          "wer": 0.12813738441215325,
          "cer": 0.08024742957452144,
          "num_samples": 200
        },
        "gap_30": {
          "wer": 0.19308674592690445,
          "cer": 0.14691130987210566,
          "num_samples": 200
        },
        "multi_gap": {
          "wer": 0.24922941435490972,
          "cer": 0.20224859984953608,
          "num_samples": 200
        }
      },
      "hallucination": {
        "silence": {
          "hallucination_rate": 1.0,
          "avg_output_length": 1.0,
          "num_samples": 20
        },
        "white_noise": {
          "hallucination_rate": 1.0,
          "avg_output_length": 1.0,
          "num_samples": 20
        }
      },
      "pulse_stats": [
        {
          "layer": 0,
          "alpha": 0.10561635345220566,
          "amp_mean": -0.04858984053134918,
          "omega_mean": 2.1547727584838867,
          "omega_std": 2.5115883350372314
        },
        {
          "layer": 1,
          "alpha": 0.10682938247919083,
          "amp_mean": -0.007109648082405329,
          "omega_mean": 2.1546547412872314,
          "omega_std": 2.512763738632202
        },
        {
          "layer": 2,
          "alpha": 0.10753515362739563,
          "amp_mean": -0.007416011765599251,
          "omega_mean": 2.1557939052581787,
          "omega_std": 2.5135560035705566
        },
        {
          "layer": 3,
          "alpha": 0.10608229786157608,
          "amp_mean": 0.009534131735563278,
          "omega_mean": 2.1563711166381836,
          "omega_std": 2.513439416885376
        }
      ]
    },
    {
      "variant": "D",
      "gap_evaluation": {
        "gap_0": {
          "wer": 0.08080140907089388,
          "cer": 0.030928696815180137,
          "num_samples": 200
        },
        "gap_5": {
          "wer": 0.1809775429326288,
          "cer": 0.1060352754325838,
          "num_samples": 200
        },
        "gap_15": {
          "wer": 0.1283575517393219,
          "cer": 0.07899356348741954,
          "num_samples": 200
        },
        "gap_30": {
          "wer": 0.19176574196389257,
          "cer": 0.1456992393212405,
          "num_samples": 200
        },
        "multi_gap": {
          "wer": 0.2514310876265962,
          "cer": 0.19957368553038535,
          "num_samples": 200
        }
      },
      "hallucination": {
        "silence": {
          "hallucination_rate": 1.0,
          "avg_output_length": 1.0,
          "num_samples": 20
        },
        "white_noise": {
          "hallucination_rate": 1.0,
          "avg_output_length": 1.0,
          "num_samples": 20
        }
      },
      "pulse_stats": [
        {
          "layer": 0,
          "alpha": 0.10703899711370468,
          "amp_mean": 0.009797796607017517,
          "omega_mean": 2.1562016010284424,
          "omega_std": 2.512103796005249
        },
        {
          "layer": 1,
          "alpha": 0.10733819007873535,
          "amp_mean": -0.009218920953571796,
          "omega_mean": 2.1557018756866455,
          "omega_std": 2.512815475463867
        },
        {
          "layer": 2,
          "alpha": 0.10751326382160187,
          "amp_mean": 0.0064818374812603,
          "omega_mean": 2.1564512252807617,
          "omega_std": 2.513662576675415
        },
        {
          "layer": 3,
          "alpha": 0.10744918137788773,
          "amp_mean": 0.04539933800697327,
          "omega_mean": 2.1566240787506104,
          "omega_std": 2.5133678913116455
        }
      ]
    }
  ],
  "decision": {
    "go": false,
    "reason": "Missing multi_gap results"
  }
}