{
  "experiment": "silence_gate_v5_temporal_smoothing",
  "config": {
    "gate_hidden_dim": 32,
    "lr": 0.001,
    "max_epochs": 10,
    "silence_fraction": 0.3,
    "kernel_sizes": [
      5,
      11
    ]
  },
  "device": "mps",
  "variants": [
    {
      "kernel_size": 5,
      "trainable_params": 12359,
      "soft_gate": {
        "gap_0": {
          "wer": 0.08842437614120512,
          "cer": 0.03878485049077178,
          "num_samples": 2620
        },
        "gap_5": {
          "wer": 0.10481968959220937,
          "cer": 0.05482123664524211,
          "num_samples": 2620
        },
        "gap_15": {
          "wer": 0.19503195374315277,
          "cer": 0.14088246389499834,
          "num_samples": 2620
        },
        "gap_30": {
          "wer": 0.43255477784540475,
          "cer": 0.38522559842839144,
          "num_samples": 2620
        },
        "multi_gap": {
          "wer": 0.28505401704199634,
          "cer": 0.23105777512046863,
          "num_samples": 2620
        }
      },
      "hard_gate": {
        "gap_0": {
          "wer": 0.08247108947048083,
          "cer": 0.03429352352074481,
          "num_samples": 2620
        },
        "gap_5": {
          "wer": 0.11031649421789409,
          "cer": 0.0612379264447339,
          "num_samples": 2620
        },
        "gap_15": {
          "wer": 0.1675098904443092,
          "cer": 0.11697379940637612,
          "num_samples": 2620
        },
        "gap_30": {
          "wer": 0.3602213937918442,
          "cer": 0.31139629732442187,
          "num_samples": 2620
        },
        "multi_gap": {
          "wer": 0.29608566646378576,
          "cer": 0.23856704604499868,
          "num_samples": 2620
        }
      },
      "hallucination_hard": {
        "silence": {
          "hallucination_rate": 0.0,
          "avg_output_length": 0.0,
          "num_samples": 30
        },
        "white_noise": {
          "hallucination_rate": 0.0,
          "avg_output_length": 0.0,
          "num_samples": 30
        }
      },
      "training": {
        "bce_loss": [
          0.29426977548269584,
          0.11032654050550314,
          0.08841173499614499,
          0.059483006768261584,
          0.04460076721093758,
          0.04234227127598484,
          0.04234600689928125,
          0.0373575375207268,
          0.03527681976192574,
          0.03735453803508475
        ],
        "accuracy": [
          0.8780212865497076,
          0.9608116959064328,
          0.9677843274853801,
          0.9784514619883041,
          0.9848084210526316,
          0.9865801169590643,
          0.9859136842105263,
          0.987793918128655,
          0.988399298245614,
          0.9878215204678362
        ]
      }
    },
    {
      "kernel_size": 11,
      "trainable_params": 12365,
      "soft_gate": {
        "gap_0": {
          "wer": 0.08233794887401095,
          "cer": 0.03391983942260469,
          "num_samples": 2620
        },
        "gap_5": {
          "wer": 0.09987446743761412,
          "cer": 0.05108083676766814,
          "num_samples": 2620
        },
        "gap_15": {
          "wer": 0.179169202678028,
          "cer": 0.12452577708497932,
          "num_samples": 2620
        },
        "gap_30": {
          "wer": 0.3921941570298235,
          "cer": 0.3339917291252945,
          "num_samples": 2620
        },
        "multi_gap": {
          "wer": 0.26194461351186854,
          "cer": 0.21035567608350594,
          "num_samples": 2620
        }
      },
      "hard_gate": {
        "gap_0": {
          "wer": 0.08243304930006086,
          "cer": 0.034346906963336254,
          "num_samples": 2620
        },
        "gap_5": {
          "wer": 0.0993799452221546,
          "cer": 0.05113777910643235,
          "num_samples": 2620
        },
        "gap_15": {
          "wer": 0.1694689592209373,
          "cer": 0.1208672318193789,
          "num_samples": 2620
        },
        "gap_30": {
          "wer": 0.33355523432744977,
          "cer": 0.2899076822332785,
          "num_samples": 2620
        },
        "multi_gap": {
          "wer": 0.272938222763238,
          "cer": 0.21529898286747381,
          "num_samples": 2620
        }
      },
      "hallucination_hard": {
        "silence": {
          "hallucination_rate": 0.0,
          "avg_output_length": 0.0,
          "num_samples": 30
        },
        "white_noise": {
          "hallucination_rate": 0.0,
          "avg_output_length": 0.0,
          "num_samples": 30
        }
      },
      "training": {
        "bce_loss": [
          0.2841040163233293,
          0.10387037678325144,
          0.06362524492582879,
          0.04718483387955657,
          0.03966271150961269,
          0.03848013684007875,
          0.03212210208479336,
          0.030309596519095188,
          0.02797125720720759,
          0.028097436334105344
        ],
        "accuracy": [
          0.8803990643274854,
          0.9600884210526316,
          0.9763295906432748,
          0.9831548538011696,
          0.9866923976608187,
          0.9872930994152047,
          0.9890512280701754,
          0.9902187134502924,
          0.9907840935672515,
          0.9905588304093568
        ]
      }
    }
  ]
}