{
  "experiment": "phase1_zeroshot",
  "whisper_size": "tiny",
  "alpha_init": 0.01,
  "device": "mps",
  "variants": {
    "baseline": {
      "description": "Baseline (frozen Whisper)",
      "trainable_params": 0,
      "gap_evaluation": {
        "gap_0": {
          "wer": 0.07112299465240642,
          "cer": 0.030595813204508857,
          "num_samples": 100
        },
        "gap_5": {
          "wer": 0.0855614973262032,
          "cer": 0.04247181964573269,
          "num_samples": 100
        },
        "gap_15": {
          "wer": 0.11016042780748662,
          "cer": 0.06541867954911433,
          "num_samples": 100
        },
        "gap_30": {
          "wer": 0.15668449197860962,
          "cer": 0.11090982286634461,
          "num_samples": 100
        },
        "multi_gap": {
          "wer": 0.2192513368983957,
          "cer": 0.1749194847020934,
          "num_samples": 100
        }
      },
      "hallucination": {
        "silence": {
          "hallucination_rate": 1.0,
          "avg_output_length": 1.0,
          "num_samples": 10
        },
        "white_noise": {
          "hallucination_rate": 1.0,
          "avg_output_length": 1.0,
          "num_samples": 10
        }
      }
    },
    "pulse": {
      "description": "Pulse (fixed phase, no training)",
      "trainable_params": 3076,
      "gap_evaluation": {
        "gap_0": {
          "wer": 0.07112299465240642,
          "cer": 0.030595813204508857,
          "num_samples": 100
        },
        "gap_5": {
          "wer": 0.08502673796791443,
          "cer": 0.04237117552334944,
          "num_samples": 100
        },
        "gap_15": {
          "wer": 0.11016042780748662,
          "cer": 0.06541867954911433,
          "num_samples": 100
        },
        "gap_30": {
          "wer": 0.15668449197860962,
          "cer": 0.11090982286634461,
          "num_samples": 100
        },
        "multi_gap": {
          "wer": 0.22032085561497325,
          "cer": 0.17562399355877617,
          "num_samples": 100
        }
      },
      "hallucination": {
        "silence": {
          "hallucination_rate": 1.0,
          "avg_output_length": 1.0,
          "num_samples": 10
        },
        "white_noise": {
          "hallucination_rate": 1.0,
          "avg_output_length": 1.0,
          "num_samples": 10
        }
      }
    },
    "pulse_phase": {
      "description": "Pulse + Phase (no training)",
      "trainable_params": 594436,
      "gap_evaluation": {
        "gap_0": {
          "wer": 0.07112299465240642,
          "cer": 0.030595813204508857,
          "num_samples": 100
        },
        "gap_5": {
          "wer": 0.0855614973262032,
          "cer": 0.04247181964573269,
          "num_samples": 100
        },
        "gap_15": {
          "wer": 0.11016042780748662,
          "cer": 0.06541867954911433,
          "num_samples": 100
        },
        "gap_30": {
          "wer": 0.15614973262032086,
          "cer": 0.11080917874396136,
          "num_samples": 100
        },
        "multi_gap": {
          "wer": 0.2197860962566845,
          "cer": 0.1753220611916264,
          "num_samples": 100
        }
      },
      "hallucination": {
        "silence": {
          "hallucination_rate": 1.0,
          "avg_output_length": 1.0,
          "num_samples": 10
        },
        "white_noise": {
          "hallucination_rate": 1.0,
          "avg_output_length": 1.0,
          "num_samples": 10
        }
      }
    }
  }
}