{
  "experiment": "vad_comparison",
  "device": "mps",
  "variants": {
    "vanilla_whisper": {
      "gap_evaluation": {
        "gap_0": {
          "wer": 0.08209068776628119,
          "cer": 0.03410846091976113,
          "num_samples": 2620
        },
        "gap_5": {
          "wer": 0.10063527084601338,
          "cer": 0.052401187247763235,
          "num_samples": 2620
        },
        "gap_15": {
          "wer": 0.13793365794278759,
          "cer": 0.0936060871360139,
          "num_samples": 2620
        },
        "gap_30": {
          "wer": 0.2036480523432745,
          "cer": 0.16394411109450294,
          "num_samples": 2620
        },
        "multi_gap": {
          "wer": 0.25785529519172246,
          "cer": 0.20748364687208615,
          "num_samples": 2620
        }
      },
      "hallucination": {
        "silence": {
          "hallucination_rate": 1.0,
          "avg_output_length": 1.0,
          "num_samples": 30
        },
        "white_noise": {
          "hallucination_rate": 1.0,
          "avg_output_length": 1.0,
          "num_samples": 30
        }
      }
    },
    "energy_vad": {
      "gap_evaluation": {
        "gap_0": {
          "wer": 0.08209068776628119,
          "cer": 0.03410846091976113,
          "num_samples": 2620
        },
        "gap_5": {
          "wer": 0.10063527084601338,
          "cer": 0.052401187247763235,
          "num_samples": 2620
        },
        "gap_15": {
          "wer": 0.13793365794278759,
          "cer": 0.0936060871360139,
          "num_samples": 2620
        },
        "gap_30": {
          "wer": 0.2036480523432745,
          "cer": 0.16394411109450294,
          "num_samples": 2620
        },
        "multi_gap": {
          "wer": 0.25785529519172246,
          "cer": 0.20748364687208615,
          "num_samples": 2620
        }
      },
      "hallucination": {
        "silence": {
          "hallucination_rate": 0.0,
          "avg_output_length": 0.0,
          "num_samples": 30
        },
        "white_noise": {
          "hallucination_rate": 1.0,
          "avg_output_length": 1.0,
          "num_samples": 30
        }
      }
    },
    "silence_gate_hard": {
      "gap_evaluation": {
        "gap_0": {
          "wer": 0.0823950091296409,
          "cer": 0.034197433324080206,
          "num_samples": 2620
        },
        "gap_5": {
          "wer": 0.09966524650030432,
          "cer": 0.05123031040692419,
          "num_samples": 2620
        },
        "gap_15": {
          "wer": 0.15503271454656117,
          "cer": 0.10752137117151744,
          "num_samples": 2620
        },
        "gap_30": {
          "wer": 0.34485316494217894,
          "cer": 0.3012178542703195,
          "num_samples": 2620
        },
        "multi_gap": {
          "wer": 0.2981398356664638,
          "cer": 0.24014007815335994,
          "num_samples": 2620
        }
      },
      "hallucination": {
        "silence": {
          "hallucination_rate": 0.0,
          "avg_output_length": 0.0,
          "num_samples": 30
        },
        "white_noise": {
          "hallucination_rate": 0.0,
          "avg_output_length": 0.0,
          "num_samples": 30
        }
      }
    }
  }
}