{
  "experiment": "vanilla_whisper_small_gap_wer",
  "gap_evaluation": {
    "gap_0": {
      "wer": 0.042681071211199025,
      "cer": 0.01730335319197398,
      "num_samples": 2620
    },
    "gap_5": {
      "wer": 0.061054473524041385,
      "cer": 0.03489853587011452,
      "num_samples": 2620
    },
    "gap_15": {
      "wer": 0.0991707242848448,
      "cer": 0.07642373641391385,
      "num_samples": 2620
    },
    "gap_30": {
      "wer": 0.1608148204503956,
      "cer": 0.14198572170855486,
      "num_samples": 2620
    },
    "multi_gap": {
      "wer": 0.2372945830797322,
      "cer": 0.19909888748905638,
      "num_samples": 2620
    }
  }
}